"effect","class","reads","moves","change_statistic","target_statistic","reading","notes","depends_on"
"density","scope","Expansiveness","total ties","1 (constant: an intercept)","sum_i b_i+ = sum_j b_+j (total ties)","reads: the actor's own portfolio or attributes | moves: total ties","The change statistic is constant; rule walk falls through to the actor's own move (Expansiveness). Moves: the first moment shared by Expansiveness and Popularity.",""
"outAct","scope","Expansiveness","Epistasis strength, unvalued, plus total ties","2 k_i + 1","sum_i b_i+^2 = sum_{j != l} (B'B)_jl + total ties","reads: the actor's own portfolio or attributes | moves: Epistasis strength, unvalued, plus total ties","Reads and moves differ. Identity: sum_i b_i+ (b_i+ - 1) = sum_{j != l} (B'B)_jl, the total Epistasis strength.","own_row"
"outActSqrt","scope","Expansiveness","Expansiveness, nonlinear moment","(k_i + 1)^(3/2) - k_i^(3/2)","sum_i b_i+^(3/2)","reads: the actor's own portfolio or attributes | moves: Expansiveness, nonlinear moment","No exact identity with Epistasis strength: the target is a 3/2 moment of Expansiveness.","own_row"
"inPop","crowding","Sociality","Sociality strength, plus total ties","n_j + 1","sum_j b_+j^2 = sum_{i != h} (BB')_ih + total ties","reads: other actors' holdings (the overlap a move creates) | moves: Sociality strength, plus total ties","Tie convention: n_j + 1 is both component j's degree and the overlap the tie creates; the rule reads it as Sociality, the deciding actor's view. b_+j counts actor i (RSiena 1.5.0), so the target is total Sociality strength plus total ties. theta < 0 reads as crowding, theta > 0 as herding.","others_j"
"inPopSqrt","crowding","Sociality","Popularity, nonlinear moment","sqrt(n_j + 1)","sum_j b_+j^(3/2)","reads: other actors' holdings (the overlap a move creates) | moves: Popularity, nonlinear moment","Reads and moves differ. No exact identity with Sociality strength: the target is a 3/2 moment of Popularity.","others_j"
"XWX","complementarity","Epistasis","Epistasis strength valued by W","sum_{h != j} b_ih (w_hj + w_jh)","sum_{j != h} w_hj (B'B)_jh","reads: components coupled through W | moves: Epistasis strength valued by W","W is the influence matrix (a component-pair covariate); the diagonal w_jj never enters.","own_row, W"
"nk","complementarity","Epistasis","Epistasis strength valued by W","F(b_i with j on; W) - F(b_i with j off; W)","sum_i F(b_i; W)","reads: components coupled through W | moves: Epistasis strength valued by W","Landscape fitness, not an engine statistic; its fields are those of XWX, its quadratic form (not derived).",""
"cycle4","contact","Sociality","Sociality and Epistasis (four-cycle count)","(1/2) sum_{h != i} b_hj o_ih^(-j)","sum_{i < h} choose(o_ih, 2) = sum_{j < l} choose((B'B)_jl, 2)","reads: other actors' holdings (the overlap a move creates) | moves: Sociality and Epistasis (four-cycle count)","Reads and moves differ. Mode-symmetric four-cycle count; the engine's ego statistic carries 1/2 so that it sums to the count.","own_row, others_j, others_other"
"egoX","covariate","Expansiveness","Expansiveness, attribute-weighted","v_i - vbar","sum_i b_i+ (v_i - vbar)","reads: the actor's own portfolio or attributes | moves: Expansiveness, attribute-weighted","Actor attribute.","own_attr"
"altX","covariate","Expansiveness","Popularity, attribute-weighted","c_j - cbar","sum_j b_+j (c_j - cbar)","reads: the actor's own portfolio or attributes | moves: Popularity, attribute-weighted","Reads and moves differ. Component attribute: read as an attribute of the actor's own move (Expansiveness); moves the attribute-weighted component degree.","target_attr"
"X","covariate","Expansiveness","total ties, tie-attribute-weighted","w_ij - wbar","sum_{i,j} b_ij (w_ij - wbar)","reads: the actor's own portfolio or attributes | moves: total ties, tie-attribute-weighted","Tie (actor x component) covariate.","tie_attr"
"outActX","other","Expansiveness","Popularity, attribute-weighted + Epistasis strength, attribute-weighted","sum_{l != j} b_il c~_l + (k_i + 1) c~_j","sum_i b_i+ sum_j b_ij c~_j","reads: the actor's own portfolio or attributes | moves: Popularity, attribute-weighted + Epistasis strength, attribute-weighted","c~: the component covariate centered.","own_row, target_attr, other_comp_attr"
"inPopX","other","Popularity","Expansiveness, attribute-weighted + Sociality strength, attribute-weighted","sum_{h != i} b_hj v~_h + v~_i","sum_j b_+j sum_h b_hj v~_h = sum_h v~_h (b_h+ + sum_{i != h} (BB')_ih)","reads: who the other holders are | moves: Expansiveness, attribute-weighted + Sociality strength, attribute-weighted","v~: the actor covariate centered; ego counted among the holders (RSiena 1.5.0, internal parameter 1). Fixed 2026-10-08: the column had recycled the N-vector of holder sums column-major. RSiena 1.5.0's two-mode siena07 target for inPopX is not deterministic (it sometimes omits the last component's term); the engine column equals its full form.","others_j, own_attr, others_attr"
"totInDist2","other","Popularity","Sociality strength, attribute-weighted","sum_{h != i} b_hj v~_h","sum_{i != h} (BB')_ih v~_h","reads: who the other holders are | moves: Sociality strength, attribute-weighted","Reads who the other holders are (their attribute).","others_j, own_attr, others_attr"
"simEgoInDist2","other","Popularity","Sociality strength, similarity-weighted","1 - |v_i - vbar_j^(-i)| / R - simMean","sum_{i,j} b_ij (1 - |v_i - vbar_j^(-i)| / R - simMean)","reads: who the other holders are | moves: Sociality strength, similarity-weighted","Reads and moves differ. The simulable route to imitation (listed under no class in classes.yaml). Nonlinear in the overlap: moves similarity-weighted Sociality, not by an exact identity.","others_j, own_attr, others_attr"
"coholder_similarity","imitation","Popularity","Sociality strength, similarity-weighted","sim_ij (centered co-holder performance similarity)","sum_{i,j} b_ij sim_ij","reads: who the other holders are | moves: Sociality strength, similarity-weighted","Reads and moves differ. saomnk_coholder_similarity() is a post hoc statistic, not simulated; classified with s_i = sum_j b_ij sim_ij, performance as the actor attribute.","own_row, others_j, others_other, own_attr, others_attr"
"outIso","other","Expansiveness","Expansiveness, nonlinear moment","-1[k_i = 0]","#{i : b_i+ = 0}","reads: the actor's own portfolio or attributes | moves: Expansiveness, nonlinear moment","RSiena two-mode effect, not an engine statistic; derived from its definition.","own_row"
"outTrunc","other","Expansiveness","Expansiveness, nonlinear moment","1[k_i < c]","sum_i min(b_i+, c)","reads: the actor's own portfolio or attributes | moves: Expansiveness, nonlinear moment","RSiena two-mode effect (c = 2 here), not an engine statistic; derived from its definition.","own_row"
"inAct","other","not classified","not classified","not defined in two-mode form","not defined in two-mode form","not classified","RSiena 1.5.0 offers no two-mode inAct (components send no ties): a non-implementation, not a null.",""
