"rep","arm","elapsed"
1,"A",1.28
1,"B",0.17
1,"C",0.110000000000001
2,"B",0.16
2,"C",0.109999999999999
2,"A",1.19
3,"C",0.109999999999999
3,"A",1.08
3,"B",0.190000000000001
4,"A",0.970000000000002
4,"B",0.189999999999998
4,"C",0.130000000000003
5,"B",0.16
5,"C",0.109999999999999
5,"A",1.02
6,"C",0.109999999999999
6,"A",1.06
6,"B",0.169999999999998
7,"A",0.810000000000002
7,"B",0.190000000000001
7,"C",0.109999999999999
8,"B",0.170000000000002
8,"C",0.0800000000000018
8,"A",1.1
9,"C",0.100000000000001
9,"A",0.859999999999999
9,"B",0.149999999999999
10,"A",1.15
10,"B",0.190000000000005
10,"C",0.109999999999999
