"M","N","rep","elapsed","ministeps","final_density"
6,8,1,1.42,199,0.291666666666667
6,8,2,1.62,195,0.5
6,8,3,1.44,187,0.354166666666667
6,8,4,1.22,166,0.479166666666667
6,8,5,1.5,182,0.229166666666667
6,8,6,1.42,168,0.1875
6,8,7,1.51,178,0.458333333333333
6,8,8,1.28,161,0.354166666666667
6,8,9,1.45,177,0.4375
6,8,10,1.62,184,0.4375
10,15,1,2.46,329,0.32
10,15,2,2.24,324,0.306666666666667
10,15,3,2.5,303,0.36
10,15,4,2.2,305,0.32
10,15,5,2.17,314,0.353333333333333
10,15,6,1.97,276,0.3
10,15,7,2,303,0.24
10,15,8,1.88,292,0.28
10,15,9,2.00999999999999,298,0.4
10,15,10,2.13,294,0.36
12,20,1,2.56,387,0.304166666666667
12,20,2,2.31999999999999,379,0.35
12,20,3,2.48,362,0.358333333333333
12,20,4,2.34999999999999,368,0.304166666666667
12,20,5,2.52,378,0.329166666666667
12,20,6,2.39999999999999,333,0.3
12,20,7,2.19,352,0.379166666666667
12,20,8,2.72,359,0.3125
12,20,9,2.67,352,0.3875
12,20,10,2.44999999999999,360,0.358333333333333
20,30,1,4,610,0.278333333333333
20,30,2,4.22999999999999,632,0.291666666666667
20,30,3,4.22,587,0.298333333333333
20,30,4,3.96000000000001,585,0.28
20,30,5,5.05000000000001,614,0.318333333333333
20,30,6,4.81999999999999,577,0.296666666666667
20,30,7,4.59999999999999,566,0.245
20,30,8,5.42000000000002,594,0.276666666666667
20,30,9,4.97999999999999,599,0.286666666666667
20,30,10,5.13,589,0.333333333333333
20,40,1,5.63,610,0.26375
20,40,2,5.44,632,0.27
20,40,3,5,587,0.2625
20,40,4,4.94,585,0.25
20,40,5,5.35999999999999,614,0.2675
20,40,6,4.71000000000001,577,0.25625
20,40,7,4.81999999999999,566,0.28125
20,40,8,5.16999999999999,594,0.21375
20,40,9,5.19999999999999,599,0.2625
20,40,10,5.13999999999999,589,0.28
30,50,1,8.22999999999999,929,0.241333333333333
30,50,2,8.39000000000001,943,0.247333333333333
30,50,3,7.53,870,0.239333333333333
30,50,4,8.66999999999999,860,0.264
30,50,5,8.30000000000001,881,0.243333333333333
30,50,6,7.69999999999999,860,0.230666666666667
30,50,7,8.05000000000001,875,0.252666666666667
30,50,8,9.69,920,0.244666666666667
30,50,9,8.22999999999996,895,0.234
30,50,10,7.22000000000003,872,0.252666666666667
10,30,1,3.37,329,0.303333333333333
10,30,2,3.31,324,0.32
10,30,3,2.71999999999997,303,0.243333333333333
10,30,4,2.84999999999997,305,0.303333333333333
10,30,5,2.86000000000001,314,0.273333333333333
10,30,6,2.33000000000004,276,0.253333333333333
10,30,7,2.61000000000001,303,0.293333333333333
10,30,8,2.41000000000003,292,0.243333333333333
10,30,9,2.66000000000003,298,0.26
10,30,10,2.70999999999998,294,0.29
20,15,1,4.60999999999996,610,0.333333333333333
20,15,2,4.62,632,0.373333333333333
20,15,3,4.87,587,0.323333333333333
20,15,4,5.17000000000002,585,0.253333333333333
20,15,5,4.63999999999999,614,0.276666666666667
20,15,6,4.51999999999998,577,0.343333333333333
20,15,7,4.84000000000003,566,0.323333333333333
20,15,8,4.75,594,0.333333333333333
20,15,9,4.99000000000001,599,0.32
20,15,10,4.95999999999998,589,0.343333333333333
