"density","inPop","outAct","s1_density","s1_boundary","s1_toggles","s1_ministeps","s1_pass","s2_density","s2_boundary","s2_toggles","s2_ministeps","s2_pass","s3_density","s3_boundary","s3_toggles","s3_ministeps","s3_pass","admissible","runtime_s"
-0.5,0.3,0.1,1,4,15,113,FALSE,0.958333333333333,3,11.75,87,FALSE,0.958333333333333,3,13.75,105,FALSE,FALSE,1.5
-0.75,0.3,0.1,1,4,14.5,113,FALSE,0.958333333333333,3,12.75,87,FALSE,0.958333333333333,3,13.75,105,FALSE,FALSE,0.92
-1,0.3,0.1,1,4,16.5,113,FALSE,0.958333333333333,3,13.25,87,FALSE,0.958333333333333,3,15.75,105,FALSE,FALSE,0.97
-1.25,0.3,0.1,1,4,21,113,FALSE,0.833333333333333,1,14.5,87,FALSE,0.875,2,18.25,105,FALSE,FALSE,1.08
-1.5,0.3,0.1,1,4,22,113,FALSE,0.5,0,18,87,TRUE,0.875,2,18.25,105,FALSE,FALSE,1.26
-1.75,0.3,0.1,0.625,0,21.75,113,FALSE,0.291666666666667,1,16.75,87,TRUE,0.5,0,20.5,105,TRUE,FALSE,1.3
-2,0.3,0.1,0.25,1,21,113,TRUE,0.5,0,15.5,87,TRUE,0.333333333333333,1,18,105,TRUE,TRUE,1.16
-2.25,0.3,0.1,0,4,20.5,113,FALSE,0.166666666666667,1,14,87,TRUE,0.125,2,16.75,105,FALSE,FALSE,1.11
-2.5,0.3,0.1,0,4,17,113,FALSE,0.166666666666667,1,12.5,87,TRUE,0.125,2,16.75,105,FALSE,FALSE,1.23
-2.75,0.3,0.1,0,4,15,113,FALSE,0.166666666666667,1,10.5,87,TRUE,0.0416666666666667,3,14.25,105,FALSE,FALSE,0.97
-3,0.3,0.1,0,4,12,113,FALSE,0.0416666666666667,3,8.75,87,FALSE,0.0416666666666667,3,11.75,105,FALSE,FALSE,1.05
-0.5,0.2,0.1,1,4,15.5,113,FALSE,0.958333333333333,3,13.75,87,FALSE,0.958333333333333,3,15.25,105,FALSE,FALSE,1.03
-0.75,0.2,0.1,1,4,18.5,113,FALSE,0.833333333333333,1,15,87,FALSE,0.958333333333333,3,17.25,105,FALSE,FALSE,1.09
-1,0.2,0.1,1,4,18,113,FALSE,0.833333333333333,1,15.5,87,FALSE,0.875,2,18.75,105,FALSE,FALSE,1.02
-1.25,0.2,0.1,1,4,21.5,113,FALSE,0.583333333333333,0,18,87,TRUE,0.875,2,18.25,105,FALSE,FALSE,1.03
-1.5,0.2,0.1,0.291666666666667,0,22.25,113,TRUE,0.666666666666667,1,17.5,87,FALSE,0.583333333333333,1,21.5,105,TRUE,FALSE,1.06
-1.75,0.2,0.1,0.125,2,21.25,113,FALSE,0.416666666666667,0,16,87,TRUE,0.25,1,19,105,TRUE,FALSE,1.09
-2,0.2,0.1,0.0833333333333333,3,21,113,FALSE,0.166666666666667,1,14.5,87,TRUE,0.333333333333333,1,18,105,TRUE,FALSE,1.14
-2.25,0.2,0.1,0.0416666666666667,3,18.25,113,FALSE,0.166666666666667,1,14,87,TRUE,0.125,2,16.25,105,FALSE,FALSE,1.1
-2.5,0.2,0.1,0,4,16,113,FALSE,0.166666666666667,1,11,87,TRUE,0.125,2,14.75,105,FALSE,FALSE,1.11
-2.75,0.2,0.1,0,4,13,113,FALSE,0.0416666666666667,3,9.25,87,FALSE,0.0416666666666667,3,12.75,105,FALSE,FALSE,1.09
-3,0.2,0.1,0,4,11,113,FALSE,0.0416666666666667,3,8.25,87,FALSE,0.0416666666666667,3,9.75,105,FALSE,FALSE,1.08
-0.5,0.1,0.1,1,4,19,113,FALSE,0.833333333333333,1,14.5,87,FALSE,0.875,2,18.25,105,FALSE,FALSE,1.11
-0.75,0.1,0.1,0.958333333333333,3,19.75,113,FALSE,0.833333333333333,1,15.5,87,FALSE,0.875,2,18.75,105,FALSE,FALSE,1.06
-1,0.1,0.1,0.875,2,22.25,113,FALSE,0.541666666666667,0,18.25,87,TRUE,0.875,2,18.75,105,FALSE,FALSE,1.05
-1.25,0.1,0.1,0.583333333333333,1,23,113,TRUE,0.416666666666667,0,16.5,87,TRUE,0.75,1,21.5,105,FALSE,FALSE,1.06
-1.5,0.1,0.1,0.166666666666667,1,21.5,113,TRUE,0.375,0,16.25,87,TRUE,0.208333333333333,1,19.75,105,TRUE,TRUE,1.16
-1.75,0.1,0.1,0.0833333333333333,3,20.5,113,FALSE,0.375,0,14.75,87,TRUE,0.25,1,19,105,TRUE,FALSE,1.03
-2,0.1,0.1,0,4,20,113,FALSE,0.25,0,14.5,87,TRUE,0.125,2,16.75,105,FALSE,FALSE,1.04
-2.25,0.1,0.1,0.0416666666666667,3,16.75,113,FALSE,0.166666666666667,1,13,87,TRUE,0.125,2,16.25,105,FALSE,FALSE,1.04
-2.5,0.1,0.1,0,4,15,113,FALSE,0.166666666666667,1,10,87,TRUE,0.125,2,14.25,105,FALSE,FALSE,1.17
-2.75,0.1,0.1,0,4,12,113,FALSE,0.0416666666666667,3,8.75,87,FALSE,0.0416666666666667,3,11.75,105,FALSE,FALSE,0.92
-3,0.1,0.1,0,4,11,113,FALSE,0.0416666666666667,3,7.75,87,FALSE,0.0416666666666667,3,9.75,105,FALSE,FALSE,0.94
-0.5,0.3,0.05,1,4,17.5,113,FALSE,0.916666666666667,2,14,87,FALSE,0.958333333333333,3,16.75,105,FALSE,FALSE,0.98
-0.75,0.3,0.05,1,4,19.5,113,FALSE,0.833333333333333,1,14,87,FALSE,0.875,2,18.25,105,FALSE,FALSE,0.97
-1,0.3,0.05,0.958333333333333,3,21.25,113,FALSE,0.833333333333333,1,15.5,87,FALSE,0.875,2,18.75,105,FALSE,FALSE,0.98
-1.25,0.3,0.05,1,4,22.5,113,FALSE,0.708333333333333,0,17.25,87,FALSE,0.875,2,20.25,105,FALSE,FALSE,0.97
-1.5,0.3,0.05,0.541666666666667,0,22.75,113,TRUE,0.5,0,17.5,87,TRUE,0.833333333333333,2,21,105,FALSE,FALSE,0.99
-1.75,0.3,0.05,0.291666666666667,0,22.25,113,TRUE,0.458333333333333,0,16.25,87,TRUE,0.125,2,19.25,105,FALSE,FALSE,1.01
-2,0.3,0.05,0,4,21,113,FALSE,0.25,0,14.5,87,TRUE,0.125,2,17.75,105,FALSE,FALSE,1.03
-2.25,0.3,0.05,0,4,19,113,FALSE,0.166666666666667,1,14,87,TRUE,0.125,2,16.25,105,FALSE,FALSE,1
-2.5,0.3,0.05,0,4,16,113,FALSE,0.166666666666667,1,12,87,TRUE,0.125,2,16.25,105,FALSE,FALSE,1.11
-2.75,0.3,0.05,0,4,14,113,FALSE,0.166666666666667,1,10.5,87,TRUE,0.0416666666666667,3,14.25,105,FALSE,FALSE,1.04
-3,0.3,0.05,0,4,11.5,113,FALSE,0.0416666666666667,3,8.25,87,FALSE,0.0416666666666667,3,10.25,105,FALSE,FALSE,1
-0.5,0.2,0.05,1,4,20,113,FALSE,0.833333333333333,1,15,87,FALSE,0.875,2,18.25,105,FALSE,FALSE,1.14
-0.75,0.2,0.05,1,4,22.5,113,FALSE,0.833333333333333,1,15.5,87,FALSE,0.875,2,19.75,105,FALSE,FALSE,1.11
-1,0.2,0.05,1,4,22,113,FALSE,0.791666666666667,1,16.75,87,FALSE,0.75,1,20.5,105,FALSE,FALSE,1.06
-1.25,0.2,0.05,0.5,0,23,113,TRUE,0.5,0,17,87,TRUE,0.666666666666667,1,20.5,105,FALSE,FALSE,1.14
-1.5,0.2,0.05,0.0833333333333333,2,22,113,FALSE,0.5,0,16,87,TRUE,0.416666666666667,0,21,105,TRUE,FALSE,1.56
-1.75,0.2,0.05,0.166666666666667,1,22,113,TRUE,0.375,0,14.75,87,TRUE,0.166666666666667,2,18.5,105,FALSE,FALSE,1.31
-2,0.2,0.05,0,4,21,113,FALSE,0.166666666666667,1,14,87,TRUE,0.125,2,17.75,105,FALSE,FALSE,1.41
-2.25,0.2,0.05,0.0416666666666667,3,17.75,113,FALSE,0.166666666666667,1,13,87,TRUE,0.125,2,16.25,105,FALSE,FALSE,1.31
-2.5,0.2,0.05,0,4,15.5,113,FALSE,0.166666666666667,1,11,87,TRUE,0.125,2,14.75,105,FALSE,FALSE,1.66
-2.75,0.2,0.05,0,4,12.5,113,FALSE,0.0416666666666667,3,8.75,87,FALSE,0.0416666666666667,3,12.25,105,FALSE,FALSE,1.33
-3,0.2,0.05,0,4,11,113,FALSE,0.0416666666666667,3,8.25,87,FALSE,0.0416666666666667,3,9.75,105,FALSE,FALSE,1.51
-0.5,0.1,0.05,0.875,2,23.25,113,FALSE,0.75,0,17,87,FALSE,0.875,2,20.25,105,FALSE,FALSE,1.66
-0.75,0.1,0.05,0.875,1,23.25,113,FALSE,0.833333333333333,2,17,87,FALSE,0.708333333333333,1,20.25,105,FALSE,FALSE,1.92
-1,0.1,0.05,0.208333333333333,0,23.25,113,TRUE,0.375,0,17.75,87,TRUE,0.625,0,20.25,105,FALSE,FALSE,1.67
-1.25,0.1,0.05,0.458333333333333,0,22.75,113,TRUE,0.458333333333333,1,15.75,87,TRUE,0.333333333333333,0,21,105,TRUE,TRUE,1.44
-1.5,0.1,0.05,0.166666666666667,1,21.5,113,TRUE,0.416666666666667,1,16.5,87,TRUE,0.125,2,19.25,105,FALSE,FALSE,1.36
-1.75,0.1,0.05,0.0833333333333333,3,21,113,FALSE,0.25,0,15,87,TRUE,0.125,2,18.25,105,FALSE,FALSE,1.28
-2,0.1,0.05,0,4,19,113,FALSE,0.166666666666667,1,14.5,87,TRUE,0.125,2,16.25,105,FALSE,FALSE,1.27
-2.25,0.1,0.05,0,4,16.5,113,FALSE,0.166666666666667,1,12,87,TRUE,0.125,2,15.75,105,FALSE,FALSE,1.25
-2.5,0.1,0.05,0,4,15,113,FALSE,0.0416666666666667,3,9.75,87,FALSE,0.0416666666666667,3,14.25,105,FALSE,FALSE,1.31
-2.75,0.1,0.05,0,4,12,113,FALSE,0.0416666666666667,3,8.25,87,FALSE,0.0416666666666667,3,11.25,105,FALSE,FALSE,1.28
-3,0.1,0.05,0,4,11,113,FALSE,0.0416666666666667,3,7.75,87,FALSE,0.0416666666666667,3,9.75,105,FALSE,FALSE,1.28
