"density","popularity","scope","s1_density","s1_boundary","s1_toggles","s1_ministeps","s1_pass","s2_density","s2_boundary","s2_toggles","s2_ministeps","s2_pass","s3_density","s3_boundary","s3_toggles","s3_ministeps","s3_pass","admissible","runtime_s"
-0.3,0.2,0.1,0.986111111111111,10,17.8333333333333,388,FALSE,0.993055555555556,11,15.75,338,FALSE,0.986111111111111,10,15.6666666666667,376,FALSE,FALSE,6.47
-0.5,0.2,0.1,0.986111111111111,10,17.8333333333333,388,FALSE,0.993055555555556,11,16.4166666666667,338,FALSE,0.986111111111111,10,16.5,376,FALSE,FALSE,5.97
-0.75,0.2,0.1,0.979166666666667,9,19.4166666666667,388,FALSE,0.993055555555556,11,17.5833333333333,338,FALSE,0.986111111111111,10,17.8333333333333,376,FALSE,FALSE,5.53
-1,0.2,0.1,0.972222222222222,8,20.3333333333333,388,FALSE,0.986111111111111,10,18.6666666666667,338,FALSE,0.986111111111111,10,19.3333333333333,376,FALSE,FALSE,5.58
-1.25,0.2,0.1,0.972222222222222,8,22.8333333333333,388,FALSE,0.986111111111111,10,19.8333333333333,338,FALSE,0.979166666666667,9,20.75,376,FALSE,FALSE,5.7
-1.5,0.2,0.1,0.972222222222222,8,23.8333333333333,388,FALSE,0.986111111111111,10,21.6666666666667,338,FALSE,0.972222222222222,8,22.5,376,FALSE,FALSE,6.42
-2,0.2,0.1,0.256944444444444,0,28.4166666666667,388,TRUE,0.243055555555556,1,22.5833333333333,338,TRUE,0.118055555555556,3,26.5833333333333,376,FALSE,FALSE,5.77
-2.5,0.2,0.1,0.0833333333333333,4,24.5,388,FALSE,0.0555555555555556,6,20.6666666666667,338,FALSE,0.0486111111111111,5,22.25,376,FALSE,FALSE,5.79
-3,0.2,0.1,0.0486111111111111,5,20.25,388,FALSE,0.0138888888888889,10,16.1666666666667,338,FALSE,0.0416666666666667,6,19.1666666666667,376,FALSE,FALSE,5.58
-0.3,0.1,0.1,0.972222222222222,8,22,388,FALSE,0.986111111111111,10,19.8333333333333,338,FALSE,0.972222222222222,8,20.8333333333333,376,FALSE,FALSE,6.02
-0.5,0.1,0.1,0.972222222222222,8,23.5,388,FALSE,0.986111111111111,10,21,338,FALSE,0.958333333333333,6,21.5,376,FALSE,FALSE,6.06
-0.75,0.1,0.1,0.965277777777778,7,24.75,388,FALSE,0.986111111111111,10,22,338,FALSE,0.951388888888889,5,23.25,376,FALSE,FALSE,6.08
-1,0.1,0.1,0.916666666666667,3,26.8333333333333,388,FALSE,0.986111111111111,10,23.1666666666667,338,FALSE,0.958333333333333,6,26.8333333333333,376,FALSE,FALSE,7.59
-1.25,0.1,0.1,0.527777777777778,1,29.8333333333333,388,TRUE,0.909722222222222,6,24.25,338,FALSE,0.868055555555556,4,28.0833333333333,376,FALSE,FALSE,7.08
-1.5,0.1,0.1,0.604166666666667,1,29.5833333333333,388,FALSE,0.368055555555556,3,23.9166666666667,338,FALSE,0.451388888888889,0,27.75,376,TRUE,FALSE,7.08
-2,0.1,0.1,0.104166666666667,4,27.25,388,FALSE,0.0902777777777778,2,22.9166666666667,338,FALSE,0.0625,6,23.9166666666667,376,FALSE,FALSE,6.81
-2.5,0.1,0.1,0.0763888888888889,4,23.75,388,FALSE,0.0277777777777778,8,19.1666666666667,338,FALSE,0.0486111111111111,5,20.9166666666667,376,FALSE,FALSE,6.66
-3,0.1,0.1,0.0486111111111111,5,19.5833333333333,388,FALSE,0.0138888888888889,10,15.3333333333333,338,FALSE,0.0347222222222222,7,16.9166666666667,376,FALSE,FALSE,6.87
-0.3,0.05,0.1,0.930555555555556,3,25.8333333333333,388,FALSE,0.986111111111111,10,21.6666666666667,338,FALSE,0.951388888888889,5,23.25,376,FALSE,FALSE,7.52
-0.5,0.05,0.1,0.9375,4,26.4166666666667,388,FALSE,0.979166666666667,9,22.4166666666667,338,FALSE,0.944444444444444,6,24.3333333333333,376,FALSE,FALSE,7.51
-0.75,0.05,0.1,0.902777777777778,2,28.6666666666667,388,FALSE,0.958333333333333,7,23.8333333333333,338,FALSE,0.888888888888889,3,27,376,FALSE,FALSE,7.28
-1,0.05,0.1,0.847222222222222,2,29.5,388,FALSE,0.451388888888889,0,24.5833333333333,338,TRUE,0.888888888888889,4,28.5,376,FALSE,FALSE,4.89
-1.25,0.05,0.1,0.409722222222222,0,29.5833333333333,388,TRUE,0.347222222222222,1,24,338,TRUE,0.416666666666667,1,28.5,376,TRUE,TRUE,5.29
-1.5,0.05,0.1,0.256944444444444,0,29.0833333333333,388,TRUE,0.215277777777778,0,23.5833333333333,338,TRUE,0.180555555555556,2,26.6666666666667,376,TRUE,TRUE,7.2
-2,0.05,0.1,0.0763888888888889,4,26.75,388,FALSE,0.0763888888888889,4,22.4166666666667,338,FALSE,0.0486111111111111,5,24.0833333333333,376,FALSE,FALSE,6.09
-2.5,0.05,0.1,0.0694444444444444,5,22.8333333333333,388,FALSE,0.0208333333333333,9,18.25,338,FALSE,0.0555555555555556,4,20.5,376,FALSE,FALSE,6.92
-3,0.05,0.1,0.0347222222222222,7,18.5833333333333,388,FALSE,0.0138888888888889,10,15,338,FALSE,0.0347222222222222,7,16.25,376,FALSE,FALSE,7.39
-0.3,0.2,0.05,0.972222222222222,8,22.1666666666667,388,FALSE,0.986111111111111,10,19.6666666666667,338,FALSE,0.972222222222222,8,21.1666666666667,376,FALSE,FALSE,6.83
-0.5,0.2,0.05,0.972222222222222,8,23.6666666666667,388,FALSE,0.986111111111111,10,21.1666666666667,338,FALSE,0.958333333333333,6,22.8333333333333,376,FALSE,FALSE,6.88
-0.75,0.2,0.05,0.965277777777778,7,24.5833333333333,388,FALSE,0.986111111111111,10,21.6666666666667,338,FALSE,0.951388888888889,5,23.4166666666667,376,FALSE,FALSE,6.67
-1,0.2,0.05,0.923611111111111,3,27.0833333333333,388,FALSE,0.986111111111111,10,22.5,338,FALSE,0.951388888888889,5,25.9166666666667,376,FALSE,FALSE,7.27
-1.25,0.2,0.05,0.909722222222222,3,27.5833333333333,388,FALSE,0.916666666666667,5,23.8333333333333,338,FALSE,0.888888888888889,2,28.3333333333333,376,FALSE,FALSE,6.9
-1.5,0.2,0.05,0.680555555555556,0,29.8333333333333,388,FALSE,0.333333333333333,0,24.6666666666667,338,TRUE,0.652777777777778,0,28.8333333333333,376,FALSE,FALSE,7.06
-2,0.2,0.05,0.111111111111111,2,27.8333333333333,388,FALSE,0.0625,6,23.25,338,FALSE,0.104166666666667,2,25.75,376,FALSE,FALSE,6.91
-2.5,0.2,0.05,0.0902777777777778,4,24.4166666666667,388,FALSE,0.0555555555555556,6,20.3333333333333,338,FALSE,0.0486111111111111,5,21.4166666666667,376,FALSE,FALSE,7.25
-3,0.2,0.05,0.0486111111111111,5,20.5833333333333,388,FALSE,0.0138888888888889,10,16,338,FALSE,0.0416666666666667,6,18.5,376,FALSE,FALSE,6.84
-0.3,0.1,0.05,0.9375,4,28.5833333333333,388,FALSE,0.951388888888889,6,24.4166666666667,338,FALSE,0.958333333333333,6,27,376,FALSE,FALSE,7.85
-0.5,0.1,0.05,0.854166666666667,1,29.4166666666667,388,FALSE,0.916666666666667,4,24.3333333333333,338,FALSE,0.958333333333333,6,27,376,FALSE,FALSE,7.94
-0.75,0.1,0.05,0.722222222222222,1,29.8333333333333,388,FALSE,0.895833333333333,4,24.9166666666667,338,FALSE,0.743055555555556,2,29.4166666666667,376,FALSE,FALSE,8.28
-1,0.1,0.05,0.597222222222222,0,29.8333333333333,388,TRUE,0.590277777777778,0,24.9166666666667,338,TRUE,0.409722222222222,0,29.4166666666667,376,TRUE,TRUE,7.39
-1.25,0.1,0.05,0.236111111111111,0,29.6666666666667,388,TRUE,0.270833333333333,2,24.5833333333333,338,TRUE,0.236111111111111,1,28.1666666666667,376,TRUE,TRUE,7.39
-1.5,0.1,0.05,0.180555555555556,0,29.3333333333333,388,TRUE,0.138888888888889,1,23.3333333333333,338,FALSE,0.118055555555556,3,26.5833333333333,376,FALSE,FALSE,7.83
-2,0.1,0.05,0.0763888888888889,4,26.4166666666667,388,FALSE,0.0555555555555556,5,22.1666666666667,338,FALSE,0.0416666666666667,6,23.5,376,FALSE,FALSE,6.92
-2.5,0.1,0.05,0.0555555555555556,5,23,388,FALSE,0.0277777777777778,8,18.5,338,FALSE,0.0555555555555556,4,20.5,376,FALSE,FALSE,7.11
-3,0.1,0.05,0.0347222222222222,7,18.75,388,FALSE,0.0138888888888889,10,15,338,FALSE,0.0347222222222222,7,16.5833333333333,376,FALSE,FALSE,7.26
-0.3,0.05,0.05,0.833333333333333,1,29.6666666666667,388,FALSE,0.895833333333333,2,24.75,338,FALSE,0.777777777777778,2,28.8333333333333,376,FALSE,FALSE,6.83
-0.5,0.05,0.05,0.659722222222222,0,29.75,388,FALSE,0.777777777777778,1,25.3333333333333,338,FALSE,0.722222222222222,1,29.5,376,FALSE,FALSE,7.74
-0.75,0.05,0.05,0.631944444444444,1,30.0833333333333,388,FALSE,0.604166666666667,0,25.0833333333333,338,FALSE,0.361111111111111,0,29.1666666666667,376,TRUE,FALSE,8.45
-1,0.05,0.05,0.263888888888889,0,29.5,388,TRUE,0.284722222222222,0,24.5833333333333,338,TRUE,0.270833333333333,2,28.75,376,TRUE,TRUE,8.09
-1.25,0.05,0.05,0.222222222222222,0,29.5,388,TRUE,0.180555555555556,1,24.5,338,TRUE,0.173611111111111,1,27.5833333333333,376,TRUE,TRUE,6.96
-1.5,0.05,0.05,0.166666666666667,2,28.8333333333333,388,TRUE,0.138888888888889,4,23.1666666666667,338,FALSE,0.131944444444444,2,26.4166666666667,376,FALSE,FALSE,6.75
-2,0.05,0.05,0.0972222222222222,3,26,388,FALSE,0.0486111111111111,5,22.0833333333333,338,FALSE,0.0416666666666667,6,24.1666666666667,376,FALSE,FALSE,6.5
-2.5,0.05,0.05,0.0555555555555556,5,22.5,388,FALSE,0.0208333333333333,9,17.9166666666667,338,FALSE,0.0486111111111111,5,20.4166666666667,376,FALSE,FALSE,6.81
-3,0.05,0.05,0.0347222222222222,7,18.4166666666667,388,FALSE,0.0138888888888889,10,14.3333333333333,338,FALSE,0.0347222222222222,7,15.75,376,FALSE,FALSE,7.33
-0.3,0.2,0.025,0.944444444444444,4,25.8333333333333,388,FALSE,0.986111111111111,10,22.1666666666667,338,FALSE,0.951388888888889,5,24.0833333333333,376,FALSE,FALSE,7.36
-0.5,0.2,0.025,0.923611111111111,3,26.9166666666667,388,FALSE,0.986111111111111,10,23.3333333333333,338,FALSE,0.958333333333333,6,25,376,FALSE,FALSE,7.57
-0.75,0.2,0.025,0.930555555555556,4,28,388,FALSE,0.972222222222222,8,24.5,338,FALSE,0.958333333333333,6,26.3333333333333,376,FALSE,FALSE,7.25
-1,0.2,0.025,0.916666666666667,2,29.1666666666667,388,FALSE,0.958333333333333,7,24,338,FALSE,0.930555555555556,4,28.8333333333333,376,FALSE,FALSE,6.94
-1.25,0.2,0.025,0.645833333333333,0,29.75,388,FALSE,0.555555555555556,0,25,338,TRUE,0.833333333333333,1,29,376,FALSE,FALSE,6.92
-1.5,0.2,0.025,0.361111111111111,0,29.6666666666667,388,TRUE,0.319444444444444,0,24.3333333333333,338,TRUE,0.152777777777778,0,28.1666666666667,376,TRUE,TRUE,7.17
-2,0.2,0.025,0.111111111111111,2,27.1666666666667,388,FALSE,0.0902777777777778,5,22.0833333333333,338,FALSE,0.0833333333333333,3,25.6666666666667,376,FALSE,FALSE,7.58
-2.5,0.2,0.025,0.0763888888888889,5,24.4166666666667,388,FALSE,0.0347222222222222,7,20.25,338,FALSE,0.0486111111111111,5,21.5833333333333,376,FALSE,FALSE,6.22
-3,0.2,0.025,0.0486111111111111,5,20.0833333333333,388,FALSE,0.0138888888888889,10,16.1666666666667,338,FALSE,0.0416666666666667,6,17.5,376,FALSE,FALSE,4.8
-0.3,0.1,0.025,0.875,3,29.6666666666667,388,FALSE,0.916666666666667,4,25,338,FALSE,0.9375,6,28.5833333333333,376,FALSE,FALSE,4.97
-0.5,0.1,0.025,0.777777777777778,0,29.8333333333333,388,FALSE,0.8125,0,25.25,338,FALSE,0.708333333333333,0,29.3333333333333,376,FALSE,FALSE,4.89
-0.75,0.1,0.025,0.458333333333333,0,30,388,TRUE,0.597222222222222,0,25.3333333333333,338,TRUE,0.534722222222222,0,29.4166666666667,376,TRUE,TRUE,4.81
-1,0.1,0.025,0.256944444444444,1,29.75,388,TRUE,0.4375,0,25.0833333333333,338,TRUE,0.25,0,28.6666666666667,376,TRUE,TRUE,4.05
-1.25,0.1,0.025,0.173611111111111,0,29.25,388,TRUE,0.215277777777778,0,24.25,338,TRUE,0.138888888888889,1,27.5,376,FALSE,FALSE,4.2
-1.5,0.1,0.025,0.118055555555556,4,28.75,388,FALSE,0.131944444444444,2,23.25,338,FALSE,0.0763888888888889,3,26.5833333333333,376,FALSE,FALSE,4.25
-2,0.1,0.025,0.0902777777777778,3,26.0833333333333,388,FALSE,0.0486111111111111,5,22.5833333333333,338,FALSE,0.0486111111111111,5,23.75,376,FALSE,FALSE,4.03
-2.5,0.1,0.025,0.0555555555555556,5,23.1666666666667,388,FALSE,0.0208333333333333,9,18.25,338,FALSE,0.0555555555555556,4,20.1666666666667,376,FALSE,FALSE,3.8
-3,0.1,0.025,0.0347222222222222,7,18.5833333333333,388,FALSE,0.0138888888888889,10,14.8333333333333,338,FALSE,0.0347222222222222,7,16.25,376,FALSE,FALSE,3.81
-0.3,0.05,0.025,0.673611111111111,1,29.9166666666667,388,FALSE,0.652777777777778,0,25.3333333333333,338,FALSE,0.680555555555556,0,29.3333333333333,376,FALSE,FALSE,3.95
-0.5,0.05,0.025,0.402777777777778,0,30,388,TRUE,0.458333333333333,0,25.3333333333333,338,TRUE,0.5,0,29.5,376,TRUE,TRUE,3.69
-0.75,0.05,0.025,0.375,0,30,388,TRUE,0.326388888888889,0,25.0833333333333,338,TRUE,0.25,1,29,376,TRUE,TRUE,3.92
-1,0.05,0.025,0.215277777777778,0,29.5833333333333,388,TRUE,0.145833333333333,1,24.25,338,FALSE,0.173611111111111,1,28.4166666666667,376,TRUE,FALSE,4.27
-1.25,0.05,0.025,0.159722222222222,2,29.25,388,TRUE,0.118055555555556,0,23.5833333333333,338,FALSE,0.152777777777778,1,27.5,376,TRUE,FALSE,3.7
-1.5,0.05,0.025,0.111111111111111,3,28.8333333333333,388,FALSE,0.111111111111111,3,23.5,338,FALSE,0.0972222222222222,2,26.3333333333333,376,FALSE,FALSE,3.85
-2,0.05,0.025,0.0972222222222222,3,25.5,388,FALSE,0.0625,4,21.9166666666667,338,FALSE,0.0416666666666667,6,24,376,FALSE,FALSE,3.9
-2.5,0.05,0.025,0.0555555555555556,5,22,388,FALSE,0.0208333333333333,9,17.75,338,FALSE,0.0486111111111111,5,20.25,376,FALSE,FALSE,4.02
-3,0.05,0.025,0.0347222222222222,7,17.9166666666667,388,FALSE,0.0138888888888889,10,14.1666666666667,338,FALSE,0.0347222222222222,7,15.75,376,FALSE,FALSE,3.61
