"density","popularity","A1_density","A1_boundary","A1_toggles","A1_ministeps","A1_pass","A2_density","A2_boundary","A2_toggles","A2_ministeps","A2_pass","A3_density","A3_boundary","A3_toggles","A3_ministeps","A3_pass","coupling_admissible","B1_control_density","B1_sparsity_density","B1_popularity_density","B1_pass","B2_control_density","B2_sparsity_density","B2_popularity_density","B2_pass","B3_control_density","B3_sparsity_density","B3_popularity_density","B3_pass","relocation_admissible","admissible","runtime_s"
-5,0.15,0.00416666666666667,18,10.4,796,FALSE,0.0145833333333333,13,10.85,786,FALSE,0.00416666666666667,18,12.4,810,FALSE,FALSE,NA,NA,NA,NA,NA,NA,NA,NA,NA,NA,NA,NA,NA,FALSE,11.21
-4.5,0.15,0.0104166666666667,15,15.65,796,FALSE,0.0104166666666667,15,16.15,786,FALSE,0.00625,17,17.75,810,FALSE,FALSE,NA,NA,NA,NA,NA,NA,NA,NA,NA,NA,NA,NA,NA,FALSE,10.04
-4,0.15,0.0145833333333333,13,21.25,796,FALSE,0.0145833333333333,13,21.05,786,FALSE,0.00833333333333333,16,22.2,810,FALSE,FALSE,NA,NA,NA,NA,NA,NA,NA,NA,NA,NA,NA,NA,NA,FALSE,10.38
-3.5,0.15,0.01875,11,25.45,796,FALSE,0.0145833333333333,13,25.45,786,FALSE,0.0166666666666667,13,26.2,810,FALSE,FALSE,NA,NA,NA,NA,NA,NA,NA,NA,NA,NA,NA,NA,NA,FALSE,10.42
-3,0.15,0.025,9,29.4,796,FALSE,0.025,10,28.9,786,FALSE,0.01875,12,31.05,810,FALSE,FALSE,NA,NA,NA,NA,NA,NA,NA,NA,NA,NA,NA,NA,NA,FALSE,10.41
-2.5,0.15,0.0270833333333333,8,33.65,796,FALSE,0.0416666666666667,7,33.3,786,FALSE,0.0375,6,34.1,810,FALSE,FALSE,NA,NA,NA,NA,NA,NA,NA,NA,NA,NA,NA,NA,NA,FALSE,10.82
-2,0.15,0.258333333333333,1,36.8,796,TRUE,0.36875,0,36.25,786,TRUE,0.179166666666667,0,37,810,TRUE,TRUE,0.0875,0.0145833333333333,0.914583333333333,FALSE,0.233333333333333,0.0208333333333333,0.8875,TRUE,0.254166666666667,0.0166666666666667,0.889583333333333,FALSE,FALSE,FALSE,52.71
-1.5,0.15,0.989583333333333,15,33.85,796,FALSE,0.970833333333333,10,36.1,786,FALSE,0.98125,15,35.35,810,FALSE,FALSE,NA,NA,NA,NA,NA,NA,NA,NA,NA,NA,NA,NA,NA,FALSE,13.43
-1,0.15,0.995833333333333,18,29.8,796,FALSE,0.985416666666667,13,30.55,786,FALSE,0.995833333333333,18,31.6,810,FALSE,FALSE,NA,NA,NA,NA,NA,NA,NA,NA,NA,NA,NA,NA,NA,FALSE,10.69
-0.5,0.15,0.995833333333333,18,26.6,796,FALSE,0.989583333333333,15,28.15,786,FALSE,0.997916666666667,19,27.95,810,FALSE,FALSE,NA,NA,NA,NA,NA,NA,NA,NA,NA,NA,NA,NA,NA,FALSE,10.96
-5,0.1,0.00416666666666667,18,10.2,796,FALSE,0.0145833333333333,13,10.55,786,FALSE,0.00416666666666667,18,12,810,FALSE,FALSE,NA,NA,NA,NA,NA,NA,NA,NA,NA,NA,NA,NA,NA,FALSE,12.07
-4.5,0.1,0.0104166666666667,15,15.05,796,FALSE,0.0125,14,15.1,786,FALSE,0.00625,17,17.25,810,FALSE,FALSE,NA,NA,NA,NA,NA,NA,NA,NA,NA,NA,NA,NA,NA,FALSE,13.1
-4,0.1,0.0145833333333333,13,20.45,796,FALSE,0.0145833333333333,13,20.85,786,FALSE,0.00833333333333333,16,21.2,810,FALSE,FALSE,NA,NA,NA,NA,NA,NA,NA,NA,NA,NA,NA,NA,NA,FALSE,12.76
-3.5,0.1,0.01875,11,24.85,796,FALSE,0.0145833333333333,13,24.35,786,FALSE,0.0125,14,25.7,810,FALSE,FALSE,NA,NA,NA,NA,NA,NA,NA,NA,NA,NA,NA,NA,NA,FALSE,12.35
-3,0.1,0.0229166666666667,10,28.55,796,FALSE,0.01875,11,28.45,786,FALSE,0.01875,12,30.45,810,FALSE,FALSE,NA,NA,NA,NA,NA,NA,NA,NA,NA,NA,NA,NA,NA,FALSE,12.67
-2.5,0.1,0.03125,6,32.35,796,FALSE,0.0375,8,32.5,786,FALSE,0.025,9,33.3,810,FALSE,FALSE,NA,NA,NA,NA,NA,NA,NA,NA,NA,NA,NA,NA,NA,FALSE,12.65
-2,0.1,0.0416666666666667,7,35.6,796,FALSE,0.075,3,35.7,786,FALSE,0.08125,3,36.15,810,FALSE,FALSE,NA,NA,NA,NA,NA,NA,NA,NA,NA,NA,NA,NA,NA,FALSE,13.13
-1.5,0.1,0.75,2,38,796,FALSE,0.7625,2,37.2,786,FALSE,0.6125,0,38.1,810,FALSE,FALSE,NA,NA,NA,NA,NA,NA,NA,NA,NA,NA,NA,NA,NA,FALSE,14.45
-1,0.1,0.985416666666667,13,33.55,796,FALSE,0.983333333333333,12,34.5,786,FALSE,0.989583333333333,15,34.85,810,FALSE,FALSE,NA,NA,NA,NA,NA,NA,NA,NA,NA,NA,NA,NA,NA,FALSE,14.57
-0.5,0.1,0.989583333333333,15,30.15,796,FALSE,0.989583333333333,15,30.15,786,FALSE,0.99375,17,31.65,810,FALSE,FALSE,NA,NA,NA,NA,NA,NA,NA,NA,NA,NA,NA,NA,NA,FALSE,13.51
-5,0.05,0.00416666666666667,18,9.8,796,FALSE,0.0145833333333333,13,9.75,786,FALSE,0.00416666666666667,18,11.9,810,FALSE,FALSE,NA,NA,NA,NA,NA,NA,NA,NA,NA,NA,NA,NA,NA,FALSE,12.8
-4.5,0.05,0.0104166666666667,15,13.95,796,FALSE,0.0125,14,14.8,786,FALSE,0.00625,17,16.35,810,FALSE,FALSE,NA,NA,NA,NA,NA,NA,NA,NA,NA,NA,NA,NA,NA,FALSE,12.51
-4,0.05,0.0145833333333333,13,20.05,796,FALSE,0.0125,14,20,786,FALSE,0.00625,17,20.35,810,FALSE,FALSE,NA,NA,NA,NA,NA,NA,NA,NA,NA,NA,NA,NA,NA,FALSE,14.13
-3.5,0.05,0.0208333333333333,10,24.5,796,FALSE,0.0145833333333333,13,23.95,786,FALSE,0.0104166666666667,15,25.25,810,FALSE,FALSE,NA,NA,NA,NA,NA,NA,NA,NA,NA,NA,NA,NA,NA,FALSE,14.2
-3,0.05,0.0208333333333333,11,28.4,796,FALSE,0.01875,11,28.05,786,FALSE,0.01875,12,29.65,810,FALSE,FALSE,NA,NA,NA,NA,NA,NA,NA,NA,NA,NA,NA,NA,NA,FALSE,12.41
-2.5,0.05,0.03125,6,31.75,796,FALSE,0.0333333333333333,7,31.6,786,FALSE,0.0229166666666667,10,33.05,810,FALSE,FALSE,NA,NA,NA,NA,NA,NA,NA,NA,NA,NA,NA,NA,NA,FALSE,12.28
-2,0.05,0.0270833333333333,9,35.15,796,FALSE,0.0708333333333333,3,35.2,786,FALSE,0.06875,4,35.85,810,FALSE,FALSE,NA,NA,NA,NA,NA,NA,NA,NA,NA,NA,NA,NA,NA,FALSE,13.03
-1.5,0.05,0.175,1,37.3,796,TRUE,0.245833333333333,1,36.8,786,TRUE,0.285416666666667,0,37.65,810,TRUE,TRUE,0.254166666666667,0.0229166666666667,0.941666666666667,FALSE,0.222916666666667,0.0270833333333333,0.910416666666667,FALSE,0.354166666666667,0.03125,0.93125,FALSE,FALSE,FALSE,53.06
-1,0.05,0.929166666666667,4,37.3,796,FALSE,0.935416666666667,7,36.55,786,FALSE,0.91875,9,37.45,810,FALSE,FALSE,NA,NA,NA,NA,NA,NA,NA,NA,NA,NA,NA,NA,NA,FALSE,8.72
-0.5,0.05,0.98125,11,34.25,796,FALSE,0.983333333333333,12,34.5,786,FALSE,0.98125,13,34.95,810,FALSE,FALSE,NA,NA,NA,NA,NA,NA,NA,NA,NA,NA,NA,NA,NA,FALSE,8.45
